Workbook

Sheet Introduction
A1: Self-Assessment Tool for Aspiring Teacher Stage (STATS)
A4: Introduction
A6: To support your professional growth as pre-service teachers (PSTs), this self-assessment tool enables you to reflect on your development across PNU's five institutional outcomes. Each indicator is rated on a 4-point scale, with a maximum possible score of 64 points. Based on the total score, as an aspiring teacher, you can be classified into one of four developmental stages, each representing a phase in your journey toward becoming future-ready educator.
A8: Rating Scale, Description, and Interpretation
A9: Score | B9: Description | C9: Interpretation
A10: 1 | B10: Not Yet Demonstrated | C10: I am still developing my understanding and ability to apply this in my practice. I seldom demonstrate this behavior or competency.
A12: 2 | B12: Occasionally Demonstrated | C12: I show this sometimes, but I need more practice or clarity in applying it. I sometimes show this behavior or competency, but not consistently.
A14: 3 | B14: Often Demonstrated | C14: I apply this in most situations, but not consistently. I usually demonstrate this behavior or competency.
A16: 4 | B16: Consistently Demonstrated | C16: I consistently apply or embody this in my academic and teaching-related activities. I regularly demonstrate this behavior or competency.
B1500: You are still discovering what it means to be a future teacher. It’s normal to feel uncertain. At this stage, ask questions, seek guidance, and reflect on why you want to teach.
B1501: You are starting to connect with the teaching profession. You show growing interest and awareness of your role. Keep building confidence, learning from experiences, and clarifying your purpose.
B1502: You are consistently engaged and committed to becoming a teacher. You show responsibility, creativity, and openness to growth. Use this stage to set goals and keep strengthening your skills.
B1503: You show strong alignment with the values and mindset of teaching. You demonstrate leadership, ethical awareness, and readiness to contribute to others’ growth. You are preparing with clear purpose for your future career.

Sheet STATS
A1: Self-Assessment Tool for Aspiring Teacher Stage (STATS)
A3: Name
A4: Year and Section
A6: Introduction to the Self-Assessment Tool for Aspiring Teachers This self-assessment tool is designed to help you reflect on your growth and development as a future educator, guided by the PNU's institutional outcomes for aspiring teachers. As you engage with this tool, you are encouraged to evaluate your current competencies and identify areas for improvement. The tool covers five key institutional outcomes essential to becoming a future-ready teacher: Digital Literate and Data-Driven Decision Maker – your ability to use digital tools effectively and ethically. Design Thinker and Innovator – your capacity for creativity and innovative problem-solving. Discerning and Compassionate Person – your empathy, ethical judgment, and interpersonal sensitivity. Dynamic Lifelong Learner and Leader – your initiative in learning and leadership, both individually and collaboratively. Deeply-Rooted Global Citizen – your awareness of and responsiveness to global and local social issues. For each indicator, you will rate yourself using the scale provided (1 to 4) and cite evidence that supports your self-rating. This can include specific projects, learning experiences, courseworks, or behaviors that demonstrate your development in that area. This process is an opportunity for honest reflection, growth, and professional readiness. Use this assessment as a personal roadmap to track your progress to become a professional teacher.
A8: Institutional Outcomes For Aspiring Teachers | C8: Indicators | D8: Self-Rating
D9: 1 | E9: 2 | F9: 3 | G9: 4
D10: Not Yet Demonstrated | E10: Occasionally Demonstrated | F10: Often Demonstrated | G10: Consistently Demonstrated
A11: Digital Literate and Data-Driven Decision Maker [Acquire basic understanding of digital tools and data usage] | C11: 1. I have used basic digital tools (e.g., Word, Excel, learning platforms) to complete my GE coursework, submitting at least 90% of outputs on time with at least a satisfactory rating. | D11: FALSE | E11: FALSE | F11: FALSE | G11: FALSE
C12: 2. I have presented my outputs in an organized, purposeful and meaningful way across my GE courses, meeting the agreed criteria and achieving at least a satisfactory rating. | D12: FALSE | E12: FALSE | F12: FALSE | G12: FALSE
C13: 3. I have demonstrated responsible and ethical use of digital platforms (e.g., online forums, cloud storage, social media) for collaboration in my GE courses, upholding academic integrity and meeting the agreed criteria. | D13: FALSE | E13: FALSE | F13: FALSE | G13: FALSE
C14: 4. I have reflected on how my use of data and digital tools has contributed to my professional identity and competence, and how these experiences have shaped my future-ready teaching practices, by preparing portfolio entries throughout the academic year, meeting the agreed criteria. | D14: FALSE | E14: FALSE | F14: FALSE | G14: FALSE
A15: Design Thinker and Innovator [Shows creativity in problem-solving.] | C15: 1. I have applied creative and critical thinking to solve at least two interdisciplinary or cross-GE problems, as shown in outputs or activities evaluated with at least a satisfactory rating. | D15: FALSE | E15: FALSE | F15: FALSE | G15: FALSE
C16: 2. I have produced at least two original or adapted academic outputs (visual, multimedia, or models) in GE courses that show innovative and thoughtful design, meeting the agreed criteria and earning at least a satisfactory rating. | D16: FALSE | E16: FALSE | F16: FALSE | G16: FALSE
C17: 3. I have reflected on how innovation enhances future teaching practices and learner engagement by preparing portfolio entries throughout the academic year, meeting the agreed criteria. | D17: FALSE | E17: FALSE | F17: FALSE | G17: FALSE
A18: Discerning and Compassionate Person [Demonstrates basic empathy and understanding.] | C18: 1. I have completed a self-assessment during the academic year reflecting on my thoughts, feelings, and academic journey with empathy, respect, and ethical judgment, covering my learning and experiences in my GE courses as evaluated through an agreed rubric. | D18: FALSE | E18: FALSE | F18: FALSE | G18: FALSE
C19: 2. I have communicated my principles and ethical beliefs with respect and sensitivity in class discussions, group activities, and presentations, and documented these experiences in written outputs, earning at least a satisfactory rating. | D19: FALSE | E19: FALSE | F19: FALSE | G19: FALSE
C20: 3. I have reflected on the role of compassion and discernment in becoming a responsible, future-ready teacher by preparing portfolio entries throughout the academic year, meeting the agreed criteria. | D20: FALSE | E20: FALSE | F20: FALSE | G20: FALSE
A21: Dynamic Lifelong Learner and Leader [Engages in self-directed learning.] | C21: 1. I have set goals and sought learning opportunities to improve my personal and academic development by preparing and reviewing a personal development plan at the start, midyear, and end of the academic year, documenting at least two learning opportunities pursued. | D21: FALSE | E21: FALSE | F21: FALSE | G21: FALSE
C22: 2. I have contributed to individual and group tasks, showing initiative and openness to feedback, as evaluated by peers or faculty each trimester with at least a satisfactory rating. | D22: FALSE | E22: FALSE | F22: FALSE | G22: FALSE
C23: 3. I have reflected on how habits of continuous learning prepare me for the teaching profession by preparing portfolio entries throughout the academic year, meeting the agreed criteria. | D23: FALSE | E23: FALSE | F23: FALSE | G23: FALSE
A24: Deeply-rooted Global Citizen [Exhibit awareness of global issues.] | C24: 1. I have participated in global or intercultural activities, discussions, or projects in my GE courses, demonstrating respect for diverse systems, cultures, and issues as shown in rubric-based evaluations. | D24: FALSE | E24: FALSE | F24: FALSE | G24: FALSE
C25: 2. I have demonstrated openness to diverse cultural and social perspectives by participating in community service or intercultural dialogues in my GE courses, as reflected in peer and faculty evaluations. | D25: FALSE | E25: FALSE | F25: FALSE | G25: FALSE
C26: 3. I have reflected on how I embrace my responsibility of being globally aware and locally responsive in preparing for future teaching by preparing portfolio entries throughout the academic year, meeting the agreed criteria. | D26: FALSE | E26: FALSE | F26: FALSE | G26: FALSE
A28: Elaborations: 1. Digital Literate and Data-Driven Decision Maker. An aspiring teacher is aware of and practices basic digital and data literacy to support his/her learning and make informed decisions. 2. Design Thinker and Innovator. An aspiring teacher embraces creativity and innovation in addressing challenges. S/he demonstrates understanding that designing solutions to problems needs integration across disciplinary perspectives. 3. Discerning and Compassionate Person. An aspiring teacher understands and respects the dignity of others while practicing ethical and empathetic decision-making. 4. Dynamic Lifelong Learner and Leader. An aspiring teacher seeks continuous learning, growth, and initiative in both academic, co-curricular, and professional environments and situations. 5. Deeply Rooted Global Citizen. An aspiring teacher is aware of global-local interconnections and committed to inclusive and sustainable perspectives.

Sheet Summary and Interpretation
A1: Summary of Scores and Interpretation
A2: Name | B2: =STATS!B3 -> 0
A3: Year and Section | B3: =STATS!B4 -> 0
A5: The summary score is used to understand your current stage in the continuum of teacher development.This interpretation is meant to support your reflection and guide your personal and professional growth. It is intended not only as a scoring mechanism but also as a guide for your reflective growth and professional self-awareness as a pre-service teacher. The interpretation of scores should be approached as a developmental guidefor you rather than a summative judgment of your Year 1 career in the Unversity.
A7: Institutional Outcomes | B7: Weighted Scores
B8: 1 | C8: 2 | D8: 3 | E8: 4
A9: Digital Literate and Data-Driven Decision Maker | B9: =COUNTIF(STATS!D11:D14, TRUE) -> 0 | C9: =COUNTIF(STATS!E11:E14, TRUE) -> 0 | D9: =COUNTIF(STATS!F11:F14, TRUE) -> 0 | E9: =COUNTIF(STATS!G11:G14, TRUE) -> 0
A10: Design Thinker and Innovator | B10: =COUNTIF(STATS!D15:D17, TRUE) -> 0 | C10: =COUNTIF(STATS!E15:E17, TRUE) -> 0 | D10: =COUNTIF(STATS!F15:F17, TRUE) -> 0 | E10: =COUNTIF(STATS!G15:G17, TRUE) -> 0
A11: Discerning and Compassionate Person | B11: =COUNTIF(STATS!D18:D20, TRUE) -> 0 | C11: =COUNTIF(STATS!E18:E20, TRUE) -> 0 | D11: =COUNTIF(STATS!F18:F20, TRUE) -> 0 | E11: =COUNTIF(STATS!G18:G20, TRUE) -> 0
A12: Dynamic Lifelong Learner and Leader | B12: =COUNTIF(STATS!D21:D23, TRUE) -> 0 | C12: =COUNTIF(STATS!E21:E23, TRUE) -> 0 | D12: =COUNTIF(STATS!F21:F23, TRUE) -> 0 | E12: =COUNTIF(STATS!G21:G23, TRUE) -> 0
A13: Deeply-rooted Global Citizen | B13: =COUNTIF(STATS!D24:D26, TRUE) -> 0 | C13: =COUNTIF(STATS!E24:E26, TRUE) -> 0 | D13: =COUNTIF(STATS!F24:F26, TRUE) -> 0 | E13: =COUNTIF(STATS!G24:G26, TRUE) -> 0
A14: Sub-total | B14: =SUM(B9:B13) -> 0 | C14: =SUM(C9:C13) -> 0 | D14: =SUM(D9:D13) -> 0 | E14: =SUM(E9:E13) -> 0
A15: Weight | B15: =B14*$B$8 -> 0 | C15: =C14*$C$8 -> 0 | D15: =D14*$D$8 -> 0 | E15: =E14*$E$8 -> 0
A16: Weighted Sum | B16: =SUM(B15:E15) -> 0
A17: Aspiring Teacher Stage | B17: =IF(B16=0, " ", IF(B16<=24, "Exploring ", IF(B16<=40, "Emerging", IF(B16<=56, "Consolidating", IF(B16>=57, "Building")))))
A18: Interpretation | B18: =IF(B17=" "," ",IF(B17="Exploring",Introduction!B1500,IF(B17="Emerging",Introduction!B1501,IF(B17="Consolidating",Introduction!B1502,IF(B17="Building",Introduction!B1503)))))
